Name,Name FA,Slug,Type,Muscle Group,Equipment Required,Description,Instructions,Instructions FA,Benefits,Muscles Worked,Variations & Alternatives
Heel Glute Bridge,پل باسن روی پاشنه,heel-glute-bridge,Strength,"Glutes, Hamstrings",Bodyweight,"The heel glute bridge is a glute bridge variation performed with the toes lifted off the floor and weight pushed through the heels only. The toes-up position increases hamstring activation while still loading the glutes heavily.","1. Lie flat on your back with knees bent at 90 degrees and feet flat on the floor, hip-width apart.
2. Lift your toes off the floor. Keep only your heels in contact with the ground.
3. Brace your core. Press your lower back into the floor.
4. Drive through your heels and squeeze your glutes to lift your hips off the floor.
5. Continue lifting until your body forms a straight line from knees to shoulders.
6. Squeeze your glutes and hamstrings hard at the top for one to two seconds.
7. Lower under control back to the floor.
8. Repeat for the desired number of reps. Aim for 12 to 20 reps per set.","۱. به پشت دراز بکشید، زانوها با زاویه‌ی ۹۰ درجه خم و کف پاها به اندازه‌ی عرض لگن روی زمین.
۲. پنجه‌ها را از زمین بلند کنید تا فقط پاشنه‌ها روی زمین بمانند.
۳. شکم را سفت کنید و کمر را به زمین بچسبانید.
۴. با فشار پاشنه‌ها و منقبض کردن باسن، لگن را از زمین بلند کنید.
۵. تا جایی بالا بیایید که زانو تا شانه در یک خط صاف باشد.
۶. یک تا دو ثانیه باسن و پشت ران را در بالا محکم منقبض کنید.
۷. آرام و کنترل‌شده به زمین برگردید.
۸. به تعداد دلخواه تکرار کنید؛ ۱۲ تا ۲۰ تکرار در هر ست.","Increases hamstring activation vs standard glute bridge
Builds the glutes and hamstrings together
No equipment needed
Useful warm-up before deadlifts","Gluteus maximus
Hamstrings (increased involvement)
Adductor magnus
Erector spinae (stabilizer)
Core (stabilizer)","Dumbbell Glute Bridge, Barbell Glute Bridge, Glute Bridge March, Single-Leg Heel Glute Bridge"
Barbell Bench Press,پرس سینه با هالتر,barbell-bench-press,Strength,"Chest, Front Deltoid, Triceps",Barbell,"The barbell bench press is the most popular upper-body pressing exercise in strength training. It primarily develops the pectoralis major while heavily recruiting the front deltoids and triceps.","Lie back on a flat bench with your eyes directly under the bar. Plant both feet firmly on the floor.
Pull your shoulder blades down and back, pinning them to the bench.
Grip the bar with hands slightly wider than shoulder-width and stack your wrists over your elbows.
Unrack the bar with straight arms, take a deep breath and brace your core.
Lower the bar under control to the lower portion of your chest, elbows at roughly 45 to 75 degrees from your torso.
Press the bar back up and slightly toward your face, finishing with your arms straight over your shoulders.",,"Builds size and strength in the chest, front deltoids, and triceps
One of the most reliable measures of upper-body pressing strength
Allows progressive overload across a long career of training","Pectoralis major
Anterior deltoids
Triceps brachii
Serratus anterior (stabilizer)","Dumbbell Bench Press | Incline Barbell Bench Press | Close-Grip Bench Press | Push-Up"
90 to 90 Stretch,کشش ۹۰/۹۰,90-to-90-stretch,Stretches,"Glutes, Hips",Bodyweight,"A seated hip mobility drill with both legs on the floor at 90-degree angles: the front leg in external rotation and the back leg in internal rotation.","Sit on the floor. Bend your right knee to 90 degrees in front of you with the outside of your right leg on the floor.
Bend your left knee to 90 degrees behind you with the inside of your left leg on the floor.
Sit up tall and square your torso forward over your right shin.
For a deeper stretch, lean forward over your right shin, keeping your back flat.
Hold for 30 to 60 seconds, then switch sides.",,"Stretches both hip internal and external rotation at once
Improves squat depth and hip-hinge flexibility
No equipment needed","Piriformis and deep hip rotators (front leg, external rotation)
Gluteus medius and minimus (front leg)
Tensor fasciae latae (back leg)
Adductors (both legs)","Pigeon Hip Stretch, Standing Figure Four, Standing Hip Circle"
